{"IcoMoonType":"selection","icons":[{"icon":{"paths":["M298.249 813.699l-271.53-271.531c-16.662-16.663-16.662-43.676 0-60.339l271.53-271.529c16.663-16.662 43.676-16.662 60.339 0s16.663 43.678 0 60.34l-198.692 198.694h864.105v85.333h-864.105l198.692 198.69c16.663 16.663 16.663 43.679 0 60.342-16.663 16.66-43.676 16.66-60.339 0z"],"attrs":[{}],"isMulticolor":false,"isMulticolor2":false,"grid":0,"tags":["arrow"]},"attrs":[{}],"properties":{"order":3,"id":0,"name":"arrow","prevSize":32,"code":59648},"setIdx":0,"setId":0,"iconIdx":0}],"height":1024,"metadata":{"name":"icomoon"},"preferences":{"showGlyphs":true,"showCodes":true,"showQuickUse":true,"showQuickUse2":true,"showSVGs":true,"fontPref":{"prefix":"icon-","metadata":{"fontFamily":"icomoon"},"metrics":{"emSize":1024,"baseline":6.25,"whitespace":50},"embed":false},"imagePref":{"prefix":"icon-","png":true,"useClassSelector":true,"color":0,"bgColor":16777215},"historySize":50}}